n_particles,bruteforce_s,cell_list_s,speedup
128,0.04080183333333783,0.04537819999995918,0.8991505465922962
256,0.13630280000014258,0.15070953333330786,0.9044072858927679
512,0.4880982333333274,0.7781005000000126,0.627294588980883
